feature,MedInc,HouseAge,AveRooms,AveBedrms,Population,AveOccup,Latitude,Longitude,MedHouseVal
MedInc,1.0,-0.019948057973177384,0.2313481901047362,0.18880074568602065,0.02656735342074265,0.0044765458916246345,0.003853717637270149,-0.012019720685824352,0.8674323132337244
HouseAge,-0.019948057973177384,1.0,0.010126223165944054,0.0185230916256973,-0.014153405533243664,0.008536383610355741,0.007608975221792466,0.0039976827323168675,0.051775559825236454
AveRooms,0.2313481901047362,0.010126223165944054,1.0,0.8926877822865791,-0.000506845176573438,-0.01269406688466568,0.005596035492386347,-0.009181521528966716,0.2570323076614314
AveBedrms,0.18880074568602065,0.0185230916256973,0.8926877822865791,1.0,-0.005461147976621675,-0.009192940998217266,0.013462225449974961,-0.005794782549435226,0.2105834416852974
Population,0.02656735342074265,-0.014153405533243664,-0.000506845176573438,-0.005461147976621675,1.0,-0.006151910701909926,0.022362608160135328,-0.016756614834758096,0.010288484139659281
AveOccup,0.0044765458916246345,0.008536383610355741,-0.01269406688466568,-0.009192940998217266,-0.006151910701909926,1.0,-0.041289763772815645,0.02071669351747713,-0.010084542935286989
Latitude,0.003853717637270149,0.007608975221792466,0.005596035492386347,0.013462225449974961,0.022362608160135328,-0.041289763772815645,1.0,-0.35369120173505286,-0.07309745643255279
Longitude,-0.012019720685824352,0.0039976827323168675,-0.009181521528966716,-0.005794782549435226,-0.016756614834758096,0.02071669351747713,-0.35369120173505286,1.0,-0.058655146848280694
MedHouseVal,0.8674323132337244,0.051775559825236454,0.2570323076614314,0.2105834416852974,0.010288484139659281,-0.010084542935286989,-0.07309745643255279,-0.058655146848280694,1.0
