feature,count,mean,std,min,25%,50%,75%,max
MedInc,5000.0,3.9071,2.2245,0.5,2.2875,3.495,5.0725,15.0
HouseAge,5000.0,27.8423,11.6203,1.0,19.8,27.6,36.0,52.0
AveRooms,5000.0,6.0599,1.548,1.5,4.9906,6.0594,7.1254,11.6269
AveBedrms,5000.0,1.3947,0.4013,0.5,1.1113,1.374,1.656,3.0341
Population,5000.0,1428.99,862.004,20.0,789.75,1407.0,2020.0,4714.0
AveOccup,5000.0,3.0125,0.9914,0.7,2.3302,3.0014,3.6813,7.0879
Latitude,5000.0,36.2306,2.2838,32.6037,34.1052,36.3996,37.836,41.8952
Longitude,5000.0,-119.7527,2.3961,-124.2963,-122.1462,-118.8842,-118.0928,-114.3077
MedHouseVal,5000.0,3.1368,0.9362,0.7703,2.4469,3.0392,3.7572,5.0
